time,available_mb,committed_mb,commit_limit_mb,test_node_count,test_node_private_mb,pw_browser_count,pw_browser_private_mb
12:28:47,10107,30444,54490,0,0,0,0
12:28:54,10016,30551,54490,0,0,0,0
12:29:00,9957,30684,54490,0,0,0,0
12:29:06,10528,30153,54490,0,0,0,0
12:29:12,9968,30875,54490,0,0,0,0
12:29:18,9712,31354,54490,1,129,0,0
12:29:25,9007,32078,54490,3,864,0,0
12:29:31,9126,32210,54490,7,483,0,0
12:29:37,8661,32828,54490,9,895,4,150
12:29:44,8955,32542,54490,9,874,4,88
12:29:50,8696,32933,54490,10,1030,4,226
12:29:56,8796,32772,54490,10,1064,3,99
12:30:03,8677,32875,54490,10,1084,4,167
12:30:09,8753,32844,54490,10,1099,4,160
12:30:16,8754,32818,54490,10,1140,4,119
12:30:22,8882,32695,54490,10,1119,4,156
12:30:28,8996,32598,54490,10,806,4,100
12:30:34,9146,32446,54490,10,859,4,161
12:30:41,9160,32472,54490,10,907,4,182
12:30:47,9100,32502,54490,10,962,4,156
12:30:53,9130,32462,54490,10,961,4,159
12:31:00,9141,32504,54490,10,963,4,147
12:31:06,9062,32541,54490,10,984,4,164
12:31:12,9064,32499,54490,10,986,4,147
12:31:19,8928,32699,54490,10,1002,4,168
12:31:25,9052,32560,54490,10,929,4,157
12:31:31,8963,32652,54490,10,941,4,182
12:31:38,9110,32480,54490,10,949,4,161
12:31:44,9010,32539,54490,10,963,4,180
12:31:50,9085,32490,54490,10,943,4,156
12:31:57,8895,32649,54490,10,968,4,95
12:32:03,8786,32733,54490,10,1008,4,235
12:32:09,8957,32634,54490,10,1026,4,169
12:32:15,8931,32551,54490,10,1027,4,168
12:32:22,8896,32561,54490,10,1034,4,187
12:32:28,8971,32517,54490,10,1095,4,156
12:32:34,8910,32558,54490,10,1129,4,118
12:32:41,8701,32973,54490,10,1183,6,289
12:32:47,8682,32942,54490,10,1162,6,269
12:32:53,8725,32904,54490,10,1019,6,295
12:33:00,8490,32955,54490,10,1027,6,303
12:33:06,8694,32955,54490,10,1068,6,308
12:33:12,8416,33354,54490,10,1092,6,398
12:33:19,8666,33464,54490,10,1096,7,551
12:33:25,9118,32348,54490,10,1114,6,435
12:33:31,9189,32281,54490,10,1025,6,436
12:33:38,9307,32023,54490,10,1051,6,354
12:33:44,9333,32040,54490,10,1062,6,367
12:33:50,9332,32065,54490,10,1065,6,364
12:33:56,9370,31876,54490,10,1086,6,369
12:34:03,9450,31830,54490,10,1084,6,292
12:34:09,9579,31830,54490,10,1084,6,301
12:34:15,10112,31187,54490,7,409,0,0
12:34:21,10994,29679,54490,0,0,0,0
12:34:28,11244,29686,54490,0,0,0,0
12:34:34,12150,28384,54490,0,0,0,0
12:34:40,12012,28663,54490,0,0,0,0
12:34:46,11259,29708,54490,2,933,0,0
12:34:52,7504,33782,54490,2,350,0,0
12:34:58,10448,30942,54490,7,543,0,0
12:35:05,10462,30745,54490,7,453,0,0
12:35:11,10164,31074,54490,7,454,0,0
12:35:17,10024,31102,54490,8,543,0,0
12:35:23,9991,31055,54490,8,583,0,0
12:35:30,8835,32688,54490,8,591,0,0
12:35:36,8113,33581,54490,8,656,0,0
12:35:42,7687,33501,54490,8,657,0,0
12:35:49,7595,33585,54490,8,576,0,0
12:35:55,7416,33663,54490,8,567,0,0
12:36:02,6860,34258,54490,8,617,0,0
12:36:08,7086,33851,54490,8,632,0,0
12:36:14,7113,33724,54490,8,602,0,0
12:36:21,7016,33849,54490,8,599,0,0
12:36:27,7247,33752,54490,8,602,0,0
12:36:33,7212,33763,54490,8,645,0,0
12:36:39,7070,33910,54490,8,649,0,0
12:36:46,7302,33600,54490,8,546,0,0
12:36:52,7347,33527,54490,8,555,0,0
12:36:58,7503,33439,54490,8,552,0,0
12:37:05,7589,33336,54490,8,569,0,0
12:37:11,7514,33467,54490,8,602,0,0
12:37:17,7430,33452,54490,8,609,0,0
12:37:23,7145,33591,54490,8,613,0,0
12:37:30,7014,33756,54490,8,619,0,0
12:37:36,7231,33475,54490,8,550,0,0
12:37:42,7179,33562,54490,8,559,0,0
12:37:49,7155,33653,54490,8,565,0,0
12:37:55,7170,33654,54490,8,581,0,0
12:38:01,8080,32246,54490,0,0,0,0
12:38:07,8056,32237,54490,0,0,0,0
12:38:13,8227,32322,54490,0,0,0,0
12:38:19,8416,32373,54490,0,0,0,0
12:38:26,8407,32356,54490,0,0,0,0
12:38:32,7938,32688,54490,2,744,0,0
12:38:39,7090,33712,54490,33,3246,0,0
12:38:46,8214,32899,54490,7,542,0,0
12:38:52,8068,32834,54490,7,452,0,0
12:38:58,8189,32755,54490,7,452,0,0
12:39:04,8261,32723,54490,7,453,0,0
12:39:11,8079,33032,54490,7,454,0,0
12:39:17,8106,32893,54490,7,454,0,0
12:39:23,7558,33459,54490,7,490,0,0
12:39:29,7294,33796,54490,8,544,0,0
12:39:36,7195,33887,54490,8,582,0,0
12:39:42,7227,33944,54490,8,586,0,0
12:39:48,7276,33868,54490,8,603,0,0
12:39:54,7368,33916,54490,8,637,0,0
12:40:01,7395,33838,54490,8,648,0,0
12:40:07,7399,33739,54490,8,650,0,0
12:40:13,7391,33753,54490,8,661,0,0
12:40:19,7377,33800,54490,8,672,0,0
12:40:26,7383,33743,54490,8,672,0,0
12:40:32,7589,33533,54490,8,539,0,0
12:40:38,7598,33538,54490,8,552,0,0
12:40:44,7540,33552,54490,8,564,0,0
12:40:51,7475,33688,54490,8,564,0,0
12:40:57,7392,33714,54490,8,589,0,0
12:41:03,7167,33949,54490,8,590,0,0
12:41:09,7252,33967,54490,8,590,0,0
12:41:16,7146,34007,54490,8,594,0,0
12:41:22,7152,34079,54490,8,595,0,0
12:41:28,7039,34027,54490,8,630,0,0
12:41:34,7050,33725,54490,8,652,0,0
12:41:41,6873,33858,54490,8,654,0,0
12:41:47,6821,33782,54490,8,656,0,0
12:41:53,6795,33744,54490,8,656,0,0
12:41:59,6822,33738,54490,8,657,0,0
12:42:06,6907,33584,54490,8,560,0,0
12:42:12,7474,32500,54490,0,0,0,0
12:42:18,7720,32424,54490,0,0,0,0
12:42:24,8334,32477,54490,0,0,0,0
12:42:30,8389,32328,54490,0,0,0,0
